customer_id,churn_proba,churn_pred
4716-MRVEN,0.02769447118628308,0
8966-KZXXA,0.02644427400793751,0
8720-RQSBJ,0.5084425286924638,1
7504-UWHNB,0.47899493512145225,0
1730-VFMWO,0.1913579759876713,0
5297-MDOIR,0.13492931507403566,0
1273-MTETI,0.6804482869142255,1
4847-QNOKA,0.4928395224826815,0
2091-MJTFX,0.19911693162945954,0
0118-JPNOY,0.31821370682891664,0
3374-LXDEV,0.5344893691672015,1
1697-BCSHV,0.1727749546514947,0
3070-FNFZQ,0.018178334186737054,0
7586-ZATGZ,0.49676172803147567,0
7786-WBJYI,0.5832673957377975,1
9362-MWODR,0.14392539583663896,0
2391-IPLOP,0.15222899144777519,0
6656-JWRQX,0.3934561581729592,0
1623-NLDOT,0.1245103494516654,0
8908-NMQTX,0.035148212278749764,0
2789-HQBOU,0.6752256481707878,1
6289-CPNLD,0.16212413345196083,0
6064-ZATLR,0.0809652494910988,0
5269-NRGDP,0.1487599206039688,0
1428-GTBJJ,0.6235059460180091,1
8474-UMLNT,0.17670523253136328,0
9799-CAYJJ,0.6720896936686713,1
7302-ZHMHP,0.2520330030806031,0
4835-YSJMR,0.1059821811565046,0
9514-JDSKI,0.49283230553609947,0
3842-IYKUE,0.27098034542072147,0
9830-ECLEN,0.10608762709522987,0
2696-ECXKC,0.22104695624433218,0
7061-OVMIM,0.04097142229128962,0
6258-NGCNG,0.10191657297490396,0
2692-AQCPF,0.20223103822465613,0
7973-DZRKH,0.08230015491906587,0
8337-MSSXB,0.5955065599616443,1
6893-ODYYE,0.13464227006455254,0
4976-LNFVV,0.21639712297297536,0
9903-LYSAB,0.5355253975806336,1
5469-NUJUR,0.0198503804109015,0
3768-VHXQO,0.015366860756034719,0
5918-VUKWP,0.04149971664447838,0
7394-LWLYN,0.669300135941763,1
6227-FBDXH,0.24769146421802257,0
2581-VKIRT,0.09033822666087414,0
6030-REHUX,0.37718223525889505,0
1150-FTQGN,0.16632742711124393,0
0980-FEXWF,0.1452034288178684,0
8042-JVNFH,0.6128212214843806,1
6341-JVQGF,0.11608393230632748,0
7789-HKSBS,0.22481935976886713,0
2815-CPTUL,0.5549881715916792,1
6933-FHBZC,0.14890795170182303,0
7684-XSZIY,0.012469650003940236,0
5056-FIMPT,0.22739016225491557,0
1222-KJNZD,0.058390044086219894,0
7422-WNBTY,0.4482412952152689,0
6646-JPPHA,0.4718819413480317,0
7901-TBKJX,0.4405690159514827,0
0164-APGRB,0.10335334846806185,0
6870-ECSHE,0.11826860333035065,0
3683-QKIUE,0.3239968300018253,0
2511-ALLCS,0.013823022346659847,0
5022-JNQEQ,0.5803922181975423,1
8292-ITGYJ,0.015010586628097589,0
9253-VIFJQ,0.09370046078284863,0
0661-XEYAN,0.4758551096632672,0
9796-BPKIW,0.5173448345765663,1
6408-WHTEF,0.0287761833719498,0
9617-INGJY,0.6103958725716899,1
5989-PGKJB,0.5733137711326723,1
9661-JALZV,0.019853681277333238,0
0270-THENM,0.03743410044081973,0
8966-SNIZF,0.02394918085855475,0
6368-TZZDT,0.07298882445042022,0
4385-GZQXV,0.5104573845712426,1
5453-AXEPF,0.5167588886874536,1
9761-XUJWD,0.3430310466216099,0
6650-BWFRT,0.07541473702909662,0
8885-QSQBX,0.3776779311234017,0
6103-BOCOU,0.49770935338312,0
3466-RITXD,0.3089654113433839,0
3583-KRKMD,0.35784572838044376,0
6906-MPARY,0.2262406489228044,0
8336-TAVKX,0.036708603136000086,0
2722-VOJQL,0.20865929458506255,0
6727-IOTLZ,0.11448891656021414,0
5834-ASPWA,0.7312115610960531,1
1612-EOHDH,0.5084425286924638,1
4631-OACRM,0.624929980811732,1
9770-KXGQU,0.16712309388412513,0
4988-IQIGL,0.7290145045211296,1
4290-BSXUX,0.5756498402624426,1
5073-WXOYN,0.2620806197200596,0
6425-JWTDV,0.013188567500459398,0
5913-INRQV,0.17856303351787314,0
7551-DACSP,0.31556869465574805,0
9992-UJOEL,0.45511476475996643,0
6007-TCTST,0.06752204677142232,0
5176-LMJXE,0.016481101275731807,0
2834-JKOOW,0.1142271127479406,0
7766-CLTIC,0.2710027830201151,0
9728-FTTVZ,0.6795058607890031,1
6328-ZPBGN,0.5914397160608087,1
0420-BWTPW,0.3255110290503541,0
8118-TJAFG,0.555022073304863,1
3985-HOYPM,0.028285937533594097,0
0239-OXEXL,0.2603504616482166,0
4753-PADAS,0.25935204102315307,0
3658-KIBGF,0.41597430753142833,0
9470-XCCEM,0.39765239120954776,0
5753-QQWPW,0.13296565666445412,0
4365-MSDYN,0.10092025078222094,0
5850-BDWCY,0.0883960501845318,0
7826-VVKWT,0.2884595116183131,0
3692-JHONH,0.3241059625446096,0
5550-VFRLC,0.7088216177048622,1
0048-LUMLS,0.2656895509987843,0
0302-JOIVN,0.5831542213488903,1
8099-MZPUJ,0.12228877952911009,0
2519-ERQOJ,0.23342585643696656,0
9274-UARKJ,0.5438614313884573,1
4115-BNPJY,0.05686705696989351,0
1779-PWPMG,0.06752204677142232,0
4529-CKBCL,0.688184116983777,1
9497-QCMMS,0.7168104149417391,1
9057-SIHCH,0.6998154927145006,1
6145-NNPNO,0.46304316268034335,0
5600-PDUJF,0.3113983729190614,0
6270-OMFIW,0.2865620462806909,0
3316-UWXUY,0.22115064145287136,0
7321-KKSDU,0.008613818999633413,0
8878-HMWBV,0.5249477428282852,1
2684-EIWEO,0.23983358899494087,0
4547-FZJWE,0.10297930871604245,0
4750-UKWJK,0.027083278561527088,0
1902-XBTFB,0.4692366424417726,0
5324-KTGCG,0.0818104562611176,0
8714-EUHJO,0.46356649567326436,0
1472-TNCWL,0.45497549603095505,0
3932-CMDTD,0.492466916110899,0
5727-MYATE,0.03410360811797939,0
6008-NAIXK,0.23847498663857677,0
9506-UXUSK,0.6306277416642058,1
1042-HFUCW,0.13975788505653167,0
4237-CLSMM,0.16751218699517925,0
4588-YBNIB,0.32173168213921277,0
0940-OUQEC,0.5880039454871109,1
9095-HFAFX,0.5690833095662815,1
1400-MMYXY,0.6582724744062814,1
3999-QGRJH,0.6448866216276642,1
7169-YWAMK,0.04402732973034398,0
7831-QGOXH,0.5409602452143918,1
9432-RUVSL,0.11204621214957426,0
1184-PJVDB,0.6545403969672531,1
7534-BFESC,0.5226642913532613,1
6439-PKTRR,0.04363420502702772,0
8309-PPCED,0.1377476360501604,0
6898-RBTLU,0.0671974195245652,0
9692-TUSXH,0.47327218386924214,0
5996-EBTKM,0.06730392852751339,0
3737-XBQDD,0.39953243410594674,0
9943-VSZUV,0.3745778227086457,0
6818-DJXAA,0.533872527304319,1
7537-RBWEA,0.4758551096632672,0
9269-CQOOL,0.4068652984553364,0
8740-CRYFY,0.7208658253603977,1
9053-EJUNL,0.44782693049580113,0
9974-JFBHQ,0.25646976155223766,0
3858-XHYJO,0.20817032971750465,0
5168-MQQCA,0.22800501466082346,0
8065-BVEPF,0.3371543709544254,0
0221-WMXNQ,0.5069713362246347,1
2545-LXYVJ,0.01608000465693676,0
1009-IRMNA,0.09785753113171441,0
0164-XAIRP,0.0286725664705904,0
0431-APWVY,0.3020289704054238,0
7337-CINUD,0.049517931522203205,0
2277-DJJDL,0.3506209473407212,0
6918-UMQCG,0.6429079242684257,1
8992-VONJD,0.2745307914556364,0
6384-VMJHP,0.03338805425232769,0
1389-WNUIB,0.1284411076719637,0
1196-AMORA,0.640303079382021,1
9242-TKFSV,0.03320121272558539,0
2307-FYNNL,0.16066081962935322,0
1905-OEILC,0.3004000703495281,0
4826-DXMUP,0.1739717922939894,0
7964-ZRKKG,0.2273214885023989,0
9522-ZSINC,0.06729181348785068,0
8313-NDOIA,0.49477347858648457,0
8050-DVOJX,0.03908524323824009,0
7010-BRBUU,0.016493256056323534,0
1963-SVUCV,0.5084425286924638,1
8920-NAVAY,0.2298068513714318,0
0396-YCHWO,0.4968927618390794,0
1984-FCOWB,0.2831873478830243,0
6305-YLBMM,0.2223978033603715,0
9824-QCJPK,0.027481274762741835,0
1322-AGOQM,0.20760711145589766,0
3230-WYKIR,0.17018372502137136,0
9873-MNDKV,0.338192087302521,0
9862-KJTYK,0.267629493005728,0
0411-EZJZE,0.4487913920110847,0
2977-CEBSX,0.035027855463474485,0
7129-CAKJW,0.5000636831051777,1
0376-YMCJC,0.42648234543107594,0
8165-CBKXO,0.09284185941553975,0
0454-OKRCT,0.17812201647093315,0
1360-JYXKQ,0.27833184640306174,0
3057-VJJQE,0.08143828900152719,0
6543-XRMYR,0.46851979169487784,0
9921-EZKBY,0.3097210744137002,0
2808-CHTDM,0.012312149714140599,0
0742-LAFQK,0.1240116880500854,0
7089-RKVSZ,0.04688182303475083,0
7404-JLKQG,0.44979636629079073,0
3522-CDKHF,0.32739565812460475,0
8566-YPRGL,0.31828016567998246,0
3346-BRMIS,0.3278332453496844,0
2284-VFLKH,0.21831368370459267,0
8777-MBMTS,0.1386326382782008,0
4291-HPAXL,0.3029791204246857,0
3030-YDNRM,0.6715764583482096,1
0531-ZZJWQ,0.45302748818891636,0
4636-OLWOE,0.1401801229685315,0
5960-MVTUK,0.4952288241504511,0
1589-AGTLK,0.5291518451221892,1
1862-QRWPE,0.017610422327736023,0
3638-VBZTA,0.047441869750100826,0
7277-KAMWT,0.02625108800906489,0
9838-BFCQT,0.005426457362502024,0
5002-GCQFH,0.29199343111965764,0
2675-OTVVJ,0.3913682306918362,0
4139-DETXS,0.03169530263205606,0
9167-APMXZ,0.43877774401173825,0
5619-PTMIK,0.19710668933119255,0
4385-ZKVNW,0.17850556622546743,0
6119-SPUDB,0.03972124253986744,0
0699-NDKJM,0.154342197123089,0
0867-LDTTC,0.35044875844955997,0
7080-TNUWP,0.2226641534754222,0
8922-NPKBJ,0.013106934847398173,0
3945-GFWQL,0.39858166004068707,0
4083-EUGRJ,0.07068741354412196,0
8513-OLYGY,0.07756555847930083,0
5146-YYFRZ,0.014830186851036552,0
2907-ILJBN,0.04449793512641613,0
1597-FZREH,0.39495555531993354,0
7812-FZHPE,0.06062902390549686,0
6919-ELBGL,0.06752204677142232,0
7312-XSBAT,0.42645131519481877,0
1891-QRQSA,0.11374479278668986,0
5155-AZQPB,0.22274238803220328,0
9039-RBEEE,0.15201561500295271,0
8413-VONUO,0.6142500906633844,1
6402-SSEJG,0.16215010079670233,0
6322-PJJDJ,0.2731759763844483,0
7966-YOTQW,0.253672102005387,0
1088-CNNKB,0.11978790675727376,0
3831-YCPUO,0.08360135778671834,0
2672-TGEFF,0.4515769304958011,0
0354-WYROK,0.38842403342966725,0
1684-FLBGS,0.1693751376237595,0
7654-YWJUF,0.1572977468092695,0
1814-DKOLC,0.13434769308289177,0
2777-PHDEI,0.6989155813436847,1
0017-IUDMW,0.07541473702909662,0
3521-MNKLV,0.22546920908271317,0
9501-UKKNL,0.21501889902485544,0
1760-CAZHT,0.05886406497902625,0
9507-EXLTT,0.6263882795409966,1
0733-VUNUW,0.18080743267134305,0
3063-QFSZL,0.5213805600393564,1
4940-KHCWD,0.04899356499568204,0
3481-JHUZH,0.46376521360743006,0
8262-COGGB,0.2905706262335779,0
6479-VDGRK,0.02908088951641003,0
0208-BPQEJ,0.11184243386637066,0
3413-CSSTH,0.22134069674501672,0
0823-HSCDJ,0.28426331222756845,0
3758-CKOQL,0.17894338917162014,0
2038-OEQZH,0.632514043714026,1
5136-RGMZO,0.1884310108653635,0
9279-CJEOJ,0.44355809790060113,0
0259-GBZSH,0.701807590443088,1
0519-XUZJU,0.601930325777802,1
4302-ZYFEL,0.019766356403201547,0
5103-MHMHY,0.45837804330726933,0
7244-QWYHG,0.10070917227959988,0
2073-QBVBI,0.12285042640121784,0
2732-ISEZX,0.11119428521450579,0
4501-VCPFK,0.2173032464087024,0
7550-WIQVA,0.2767694149172311,0
6347-DCUIK,0.5919979720942543,1
5035-BVCXS,0.53454264518794,1
1346-PJWTK,0.20950718172931038,0
3771-PZOBW,0.39660737257073536,0
6972-SNKKW,0.08875220288542134,0
3458-IDMFK,0.02009429281781089,0
4280-DLSHD,0.2772430770230205,0
6013-BHCAW,0.06983665155565752,0
2606-PKWJB,0.08969946238450863,0
3070-BDOQC,0.218924043638946,0
4282-YMKNA,0.6715764583482096,1
3658-QQJYD,0.1409846386035536,0
2379-ENZGV,0.6286574295540337,1
5835-BEQEU,0.6978470489621926,1
1624-NALOJ,0.6581529286049057,1
8963-MQVYN,0.06437157619354442,0
4359-INNWN,0.03778024287789056,0
8808-ELEHO,0.6541814762486828,1
1360-XFJMR,0.20381026675176933,0
0734-OXWBT,0.36462259387558205,0
8706-HRADD,0.15933887650551015,0
7207-RMRDB,0.4039603374004902,0
6647-ZEDXT,0.21121396216761582,0
8384-FZBJK,0.4130978348401761,0
4510-PYUSH,0.16665941196310918,0
5197-LQXXH,0.05632215365889268,0
2592-YKDIF,0.2686087703372724,0
7469-LKBCI,0.03764334614231038,0
5630-IXDXV,0.4414328634857461,0
6728-CZFEI,0.19938182557037223,0
3551-HUAZH,0.726330076273321,1
3655-SNQYZ,0.08888508981006683,0
3106-ULWFW,0.5722952525962236,1
1177-XZBJL,0.08807013629835782,0
7295-JOMMD,0.5411272271509371,1
5846-NEQVZ,0.044415884184321686,0
0931-MHTEM,0.232934001101837,0
0617-AQNWT,0.06729045021000007,0
7794-JASDG,0.3989625612508631,0
8782-LKFPK,0.41273916338896127,0
7945-HLKEA,0.10087977444726025,0
9117-SHLZX,0.48891459563861006,0
7139-JZFVG,0.05185205818551042,0
8652-YHIYU,0.2979232724150414,0
9919-FZDED,0.04421256327449749,0
9462-MJUAW,0.4249491343980791,0
4030-VPZBD,0.49370678503088883,0
3878-AVSOQ,0.7139660658035035,1
6581-NQCBA,0.3203858872143106,0
9845-PEEKO,0.18916053702889962,0
8597-CTXVJ,0.0871000476064904,0
4482-EWFMI,0.6789251048335797,1
5597-GLBUC,0.6901896600472186,1
1925-TIBLE,0.6713607675839364,1
4622-YNKIJ,0.17205679221696746,0
9618-LFJRU,0.11330348927795778,0
2454-RPBRZ,0.6227583139996128,1
5887-IKKYO,0.15165494196388163,0
8999-EXMNO,0.012125106087292772,0
3654-ARMGP,0.04412513887327341,0
7471-MQPOS,0.14480235828867857,0
8597-CWYHH,0.28953816279862093,0
2969-VAPYH,0.08995766011240493,0
6275-YDUVO,0.5963630122650736,1
9688-YGXVR,0.3522340444116965,0
2479-BRAMR,0.2919654484176842,0
0925-VYDLG,0.6661089505706894,1
6807-SIWJI,0.3039159008462261,0
4824-GUCBY,0.37835582259407374,0
0673-IGUQO,0.2700408767399943,0
8091-TTVAX,0.23226958867508046,0
3546-GHEAE,0.03085955616825617,0
4776-XSKYQ,0.19231028506428655,0
3001-UNBTL,0.49236261257688296,0
2810-FTLEM,0.270345949839162,0
8309-IEYJD,0.6103958725716899,1
3913-RDSJZ,0.005426457362502024,0
7601-GNDYK,0.013913336459426382,0
6969-MVBAI,0.650841565387476,1
2257-BOVXD,0.27562776228483377,0
7740-BTPUX,0.21041066950321646,0
9065-ZCPQX,0.036708603136000086,0
7593-JNWRU,0.38076214123440344,0
3308-MHOOC,0.27579672983090786,0
2205-LPVGL,0.1476789619661381,0
5844-QVTAT,0.10423656560005078,0
7401-RUBNK,0.4274430900730078,0
2275-RBYQS,0.4876772797629963,0
6265-FRMTQ,0.016160398472470465,0
0212-ISBBF,0.3051085196039901,0
4315-MURBD,0.4749647928151117,0
5089-IFSDP,0.1234589015518683,0
3419-SNJJD,0.2680581750963902,0
9058-CBREO,0.4697633750057358,0
4906-ZHGPK,0.14466878053904997,0
7162-WPHPM,0.0464583864746566,0
2703-AMTUL,0.10146824695446006,0
9140-CZQZZ,0.05684247388519774,0
7049-GKVZY,0.14289317673104246,0
7951-VRDVK,0.10787146693765688,0
9436-ZBZCT,0.5531105732932051,1
3794-NFNCH,0.221727894378791,0
5997-OPVFA,0.030672550869183985,0
3092-IGHWF,0.24360630414996987,0
5954-BDFSG,0.15340456454669338,0
6217-KDYWC,0.026716903550420282,0
3739-YBWAB,0.11329809357397647,0
7558-IMLMT,0.015334584069906246,0
3378-AJRAO,0.06498829023143711,0
4255-DDUOU,0.29451934418229586,0
7660-HDPJV,0.6795058607890031,1
2889-FPWRM,0.20355183757523743,0
6400-BWQKW,0.5144633442015156,1
7508-SMHXL,0.5012903248157863,1
3572-UUHRS,0.04007810076189946,0
3956-CJUST,0.3335221087048368,0
3043-SUDUA,0.07175947260360366,0
4080-OGPJL,0.23993325247624964,0
5397-TUPSH,0.21919232731369262,0
1707-HABPF,0.2564265285819331,0
9530-GRMJG,0.0827599695779795,0
4191-XOVOM,0.31758674103495693,0
3992-YWPKO,0.5020985174565596,1
0420-TXVSG,0.04082604403112726,0
6968-URWQU,0.17629609971396407,0
6959-GQEGV,0.20928577160120804,0
7188-CBBBA,0.2796251793075609,0
3509-GWQGF,0.3731507871971854,0
7598-UAASY,0.6515569301046519,1
9424-CMPOG,0.02594793930708394,0
5590-ZSKRV,0.2148520466979865,0
4390-KYULV,0.1208912400224157,0
9231-ZJYAM,0.6790342518014915,1
7115-IRDHS,0.012469650003940236,0
7552-KEYGT,0.027105322815473863,0
3590-TCXTB,0.2686087703372724,0
4710-NKCAW,0.2608787994294264,0
8024-XNAFQ,0.08990154137734828,0
3354-OADJP,0.12927564116264534,0
9755-JHNMN,0.03839964590862806,0
3071-VBYPO,0.5174293701353441,1
1060-ENTOF,0.1663702346249602,0
7167-PCEYD,0.020189292964161033,0
5778-BVOFB,0.2863722969900864,0
4418-LZMSV,0.22334147645905789,0
5387-ASZNZ,0.09505297712782915,0
3803-KMQFW,0.2739895946887122,0
1658-TJVOA,0.526254306439685,1
9548-LERKT,0.024460330180205204,0
2817-LVCPP,0.016539709691364524,0
4257-GAESD,0.3510965223014781,0
0696-UKTOX,0.20705453786069503,0
9391-TTOYH,0.08197178428582809,0
1112-CUNAO,0.5912905847940779,1
9108-EJFJP,0.3936985218594485,0
4998-IKFSE,0.4728527414987,0
6350-XFYGW,0.6548968684824183,1
8197-BFWVU,0.03790567848685626,0
7028-DVOIQ,0.47645497988668517,0
5522-NYKPB,0.4023519264968656,0
6479-OAUSD,0.03179848396837617,0
0979-PHULV,0.33577761643923376,0
8734-DKSTZ,0.6416674842043745,1
0847-HGRML,0.015385742406592106,0
3716-LRGXK,0.14914811928691935,0
1897-OKVMW,0.035285956356275704,0
2968-SSGAA,0.6504488241748198,1
4002-BQWPQ,0.1254890787113787,0
3317-VLGQT,0.624929980811732,1
1853-UDXBW,0.7066667355499802,1
0608-JDVEC,0.03867813367851372,0
5364-XYIRR,0.47285210433544345,0
3810-PJUHR,0.005426457362502024,0
8190-ZTQFB,0.2556522681601463,0
7753-USQYQ,0.14701708825539847,0
2722-JMONI,0.4437688876878725,0
6961-MJKBO,0.014182666508675857,0
7799-LGRDP,0.041260129790193424,0
6029-CSMJE,0.3158135981040531,0
8805-JNRAZ,0.42378587765626974,0
1265-ZFOSD,0.03585315510513544,0
0541-FITGH,0.36603308919946265,0
8404-VIOMB,0.040338977187674624,0
4329-YPDDQ,0.27191194284893594,0
0623-IIHUG,0.24201459942727502,0
3865-QBWSJ,0.3126317057604063,0
6344-SFJVH,0.25543456572961665,0
7554-AKDQF,0.33178685329299057,0
6906-ANDWJ,0.5800482230936547,1
3717-LNXKW,0.31040442421106546,0
8263-QMNTJ,0.10335334846806185,0
6458-CYIDZ,0.4835756658005777,0
5057-RKGLH,0.016806371634093435,0
5115-SQAAU,0.015989214115485314,0
5622-UEJFI,0.04221251074257437,0
5329-KRDTM,0.040378845692238166,0
6461-PPAXN,0.10955153623437595,0
4452-QIIEB,0.3142958876363374,0
6818-WOBHJ,0.34620230389646756,0
7779-ORAEL,0.04299234798789478,0
6169-PPETC,0.01410103385561463,0
2848-YXSMW,0.013403344162232957,0
6061-GWWAV,0.09597205983196189,0
0218-QNVAS,0.24799608657069971,0
8608-OZTLB,0.1157933301246274,0
8728-SKJLR,0.40909612973384235,0
8901-UPRHR,0.14535129277493414,0
0013-SMEOE,0.10320430215390985,0
6519-CFDBX,0.5367004164351299,1
4488-PSYCG,0.07600844539718593,0
6849-OYAMU,0.2622617983111557,0
3932-IJWDZ,0.33641268059029966,0
5135-RDDQL,0.07923489287203286,0
1169-WCVAK,0.2477314872157626,0
0742-MOABM,0.3771685739208468,0
4698-KVLLG,0.016539709691364524,0
1661-CZBAU,0.11570305708478673,0
8644-XYTSV,0.1893851603826671,0
3714-NTNFO,0.4900769358304187,0
0953-LGOVU,0.25556344555788435,0
0464-WJTKO,0.015385742406592106,0
8593-WHYHV,0.6982219184231786,1
7989-CHGTL,0.32173168213921277,0
7998-ZLXWN,0.06919692386942007,0
4957-TREIR,0.315681409601871,0
7501-VTYLJ,0.42068908754316037,0
0447-BEMNG,0.1649293475503027,0
0637-YLETY,0.4637513610224595,0
2476-YGEFM,0.41556389387042536,0
5949-HGVJL,0.20154754031014124,0
5939-XAIXZ,0.23215647623466013,0
9847-HNVGP,0.033714743117890605,0
4576-CSAJH,0.13997740548881807,0
4747-LCAQL,0.13539076792557478,0
7595-EHCDL,0.2131670862015681,0
4003-OCTMP,0.12220679548542907,0
7617-EYGLW,0.3013322354284276,0
6447-EGDIV,0.038606329716472564,0
2796-NNUFI,0.018021926032474232,0
6362-QHAFM,0.3291426304102765,0
6838-HVLXG,0.07060017298612817,0
8205-VSLRB,0.04010073026623881,0
2276-YDAVZ,0.6060934505489337,1
1839-FBNFR,0.020734182580633004,0
9386-LDCZR,0.14424264749641696,0
3512-IZIKN,0.03724478459952051,0
9675-ICXCT,0.06589990060298279,0
3003-CMDUU,0.42102120849597424,0
6469-QJKZW,0.1393554402160921,0
3387-VATUS,0.6161920701893554,1
5628-FCGYG,0.5293989738953898,1
5244-IRFIH,0.4995094074885118,0
9092-GDZKO,0.09614072250703558,0
6410-LEFEN,0.3666465541805482,0
8606-CIQUL,0.0700534966997557,0
4742-DRORA,0.17484655265659174,0
7190-XHTWJ,0.03003973602344418,0
9739-JLPQJ,0.08292679880864175,0
6745-JEFZB,0.3332719899624886,0
5939-SXWHM,0.01651824414782157,0
0602-DDUML,0.04876055236181575,0
3132-TVFDZ,0.2805825762422426,0
9734-YWGEX,0.5340891023999254,1
5951-AOFIH,0.1787776204181201,0
0030-FNXPP,0.18925127940039016,0
9229-RQABD,0.03500262392455445,0
0394-YONDK,0.016698423824310468,0
6513-EECDB,0.725822644134399,1
3295-YVUSR,0.6378080177569064,1
8450-UYIBU,0.30630180432987436,0
9170-CCKOU,0.35417939725105474,0
8260-NGFNY,0.43378075875740985,0
8430-TWCBX,0.02476427475911458,0
4902-OHLSK,0.3877348965104751,0
5562-YJQGT,0.14285280743927362,0
3156-QLHBO,0.15659099319393063,0
5501-TVMGM,0.5213805600393564,1
9668-PUGNU,0.019058007844954147,0
4686-GEFRM,0.15997088542707621,0
7690-KPNCU,0.11428024835763315,0
6176-YJWAS,0.07429493247640002,0
6685-XSHHU,0.028492527347445437,0
9650-VBUOG,0.023439443090063114,0
9391-DXGGG,0.21954688197200478,0
5975-BAICR,0.11894295801899958,0
8058-DMYRU,0.4172654335456111,0
6015-VVHHE,0.6031451132067215,1
4840-ORQXB,0.40372097799417966,0
2252-NKNSI,0.04933518324900556,0
5144-TVGLP,0.4798790771784278,0
6475-VHUIZ,0.2241675232890765,0
1270-XKUCC,0.01846114079587205,0
8012-SOUDQ,0.4542965665901346,0
6859-RKMZJ,0.3237677993674247,0
9878-TNQGW,0.6832754614423661,1
3312-ZWLGF,0.40980919605309607,0
6235-VDHOM,0.4339624678401027,0
0750-EBAIU,0.23514046809112002,0
7663-YJHSN,0.08021178263303445,0
9150-HEPMB,0.09614999331472875,0
4039-HEUNW,0.46083092306229234,0
3165-HDOEW,0.48891459563861006,0
1469-LBJQJ,0.4039603374004902,0
8519-QJGJD,0.5778574386614447,1
5931-FLJJF,0.5386333469456807,1
5730-RIITO,0.19321319290241323,0
5473-KHBPS,0.2157101138889803,0
1895-QTKDO,0.4424016830045175,0
3387-PLKUI,0.09853992814039553,0
5669-SRAIP,0.5013655449507649,1
8158-WPEZG,0.3422766673383461,0
0906-QVPMS,0.07383469369616218,0
6683-VLCTZ,0.5204678839472526,1
8084-OIVBS,0.04355779926010508,0
8665-UTDHZ,0.48817022653620334,0
5371-VYLSX,0.3406117585670648,0
8167-GJLRN,0.43803981148053894,0
6734-GMPVK,0.6345088746652702,1
9227-YBAXE,0.05098797614280701,0
5756-JYOJT,0.17864437544852138,0
0057-QBUQH,0.018908068553248447,0
7613-LLQFO,0.6570107654771301,1
6100-FJZDG,0.033046654453048815,0
3923-CSIHK,0.4847401478122238,0
4587-NUKOX,0.5310689021124478,1
3808-HFKDE,0.30022159500615897,0
5696-CEIQJ,0.13679545327073062,0
0757-WCUUZ,0.06470411368285416,0
8550-XSXUQ,0.1646293060786429,0
6956-SMUCM,0.47888239404395366,0
4854-SSLTN,0.18805016756816065,0
2223-GDSHL,0.08006597467160413,0
8266-VBFQL,0.5930144774087258,1
6797-LNAQX,0.17777012935022576,0
4877-TSOFF,0.1207209224094934,0
1125-SNVCK,0.22713663305132908,0
9530-EHPOH,0.3578590199570445,0
4817-VYYWS,0.46851979169487784,0
7722-CVFXN,0.2854810428876509,0
2667-WYLWJ,0.04535293553504425,0
3727-RJMEO,0.6770742670169737,1
0468-YRPXN,0.2957689696825953,0
0193-ESZXP,0.20520554872189675,0
2074-GKOWZ,0.6079732134338925,1
0191-ZHSKZ,0.22448907615405816,0
3703-KBKZP,0.5536295955219956,1
3254-YRILK,0.49628191833060364,0
9824-BEMCV,0.5564528591037599,1
3724-UCSHY,0.09560817869218616,0
2138-VFAPZ,0.038439294179786525,0
5519-TEEUH,0.04072462549388806,0
2115-BFTIW,0.38509878524026264,0
2232-DMLXU,0.4437333372274712,0
0578-SKVMF,0.462922314412987,0
1746-TGTWV,0.5710024343900525,1
3398-ZOUAA,0.4849926733304517,0
1965-DDBWU,0.43648037752781776,0
0835-JKADZ,0.18673751878037906,0
4312-GVYNH,0.046281875130875595,0
7969-AULMZ,0.5296146365761598,1
5673-FSSMF,0.48244786378127746,0
0907-HQNTS,0.08065193081295469,0
9774-NRNAU,0.17320518446794783,0
2996-XAUVF,0.09138193570452778,0
4821-WQOYN,0.012576264217139357,0
4119-ZYPZY,0.20030710117131265,0
7434-SHXLS,0.27902980342795664,0
9643-AVVWI,0.6086328829307005,1
3038-PQIUY,0.14327502155108823,0
8637-XJIVR,0.5104044780104263,1
6357-JJPQT,0.6771428977598681,1
0247-SLUJI,0.31043894509808323,0
1229-RCALF,0.24033700509461436,0
1498-DQNRX,0.07496752521021656,0
3841-NFECX,0.077421785998168,0
4719-UMSIY,0.09577051302754802,0
7245-JMTTQ,0.29677690748572033,0
4662-EKDPQ,0.41267584329546286,0
9577-WJVCQ,0.16092855527100813,0
1241-FPMOF,0.016085450660352482,0
9631-XEYKE,0.43712431097548426,0
5181-OABFK,0.046597942183387184,0
8065-YKXKD,0.6715764583482096,1
9392-XBGTD,0.00949529069766369,0
3026-ATZYV,0.12858971997736338,0
1755-RMCXH,0.16099033141649324,0
3221-CJMSG,0.189279210787355,0
5062-CJJKH,0.13341403608145375,0
7623-TRNQN,0.4230790990169474,0
7815-PDTHL,0.027728769637896875,0
3896-RCYYE,0.16680757440495547,0
4847-TAJYI,0.657214732839892,1
5075-JSDKI,0.022375895595986458,0
5018-GWURO,0.3858240604735896,0
5649-ANRML,0.5194544164510649,1
2439-QKJUL,0.11556508817680843,0
1866-RZZQS,0.47256609099779623,0
1448-CYWKC,0.24750011283429443,0
6899-PPEEA,0.4968927618390794,0
9134-WYRVP,0.18049864954856237,0
7517-LDMPS,0.6036813099140421,1
1357-BIJKI,0.31451915699730154,0
5759-RCVCB,0.4177264693634266,0
4176-RELJR,0.016149469451686892,0
3566-CAAYU,0.07573746513177022,0
1187-WILMM,0.03378840129380082,0
9581-GVBXT,0.09610111888032112,0
8668-KNZTI,0.14290968753558028,0
7450-NWRTR,0.6407629174137872,1
7602-DBTOU,0.014492415398830798,0
3096-WPXBT,0.18966461126753337,0
9637-EIHEQ,0.4582875271031174,0
6141-OOXUQ,0.30631275975694466,0
2498-XLDZR,0.04001519615038458,0
0567-XRHCU,0.046714258707006,0
3858-VOBET,0.5183058600743002,1
1563-IWQEX,0.09208015691615572,0
8570-KLJYJ,0.1143714622363594,0
6100-QQHEB,0.6061143171046053,1
0082-LDZUE,0.4876772797629963,0
7683-CBDKJ,0.2263057332018098,0
7363-QTBIW,0.6467034925045525,1
0206-TBWLC,0.20076948763523372,0
6617-WLBQC,0.1791102944667172,0
0224-RLWWD,0.5367004164351299,1
4549-ZDQYY,0.09146109005792988,0
4238-JSSWH,0.3844978069340096,0
0021-IKXGC,0.725822644134399,1
3786-WOVKF,0.23370063955056697,0
2725-TTRIQ,0.039394759480452624,0
4531-AUZNK,0.19345181392113317,0
8397-MVTAZ,0.47645497988668517,0
2190-BCXEC,0.3374849218022628,0
8461-EFQYM,0.04044304209655076,0
0661-WCQNQ,0.10660235011702314,0
4707-MAXGU,0.014302542817445483,0
0485-ZBSLN,0.02356104186097097,0
2146-EGVDT,0.014998174901181348,0
5995-WWKKG,0.059877080982270334,0
2987-BJXIK,0.044406006839628434,0
6340-DACFT,0.012097521142484106,0
2516-VQRRV,0.6388792928375385,1
3934-HXCFZ,0.4021029747080766,0
1839-UMACK,0.067736306104453,0
7929-DMBCV,0.34511063705186634,0
2361-UPSND,0.10537900777177805,0
8879-ZKJOF,0.1285263137507053,0
2662-NNTDK,0.04629522074901295,0
2821-WARNZ,0.02618768819717093,0
2371-JQHZZ,0.5238169682431996,1
5575-TPIZQ,0.29866287801550123,0
8869-LIHMK,0.08999994153040278,0
5802-ADBRC,0.21542270428629112,0
7270-BDIOA,0.43133367004542866,0
2675-IJRGJ,0.03305205775030784,0
2045-BMBTJ,0.16614080767344924,0
3863-QSTYI,0.18093292614670944,0
3627-FCRDW,0.604145733758013,1
7795-CFOCW,0.09118346320536366,0
9867-JCZSP,0.03309270967203235,0
7580-UGXNC,0.3724401474882757,0
7845-URHJN,0.09775383683888968,0
1154-HYWWO,0.1028597113341155,0
8544-JNBOX,0.015334584069906246,0
0112-QWPNC,0.12281732884915283,0
1031-IIDEO,0.7139660658035035,1
7537-CBQUZ,0.2545231456468066,0
5515-AKOAJ,0.3562142906616569,0
3023-GFLBR,0.3940167176204526,0
8086-OVPWV,0.6832754614423661,1
7180-PISOG,0.726330076273321,1
4376-KFVRS,0.0677393780698476,0
3120-FAZKD,0.019240898666343396,0
6121-VZNQB,0.27579672983090786,0
5144-PQCDZ,0.12766625566435977,0
6563-VRERX,0.02651692392394249,0
5766-ZJYBB,0.2646448401835035,0
2691-NZETQ,0.6690396500393335,1
8851-RAGOV,0.12787885186927403,0
4480-MBMLB,0.2979353521798052,0
7216-EWTRS,0.7010253408624086,1
4670-TABXH,0.1242038283456395,0
0709-TVGUR,0.6715764583482096,1
0236-HFWSV,0.6496480074743282,1
6653-CBBOM,0.7099673891447514,1
7811-JIVPF,0.20219442767363202,0
6838-YAUVY,0.1827044676986581,0
6976-BWGLQ,0.012825940562180392,0
1093-YSWCA,0.03939457200379308,0
7693-LCKZL,0.6677798088505991,1
3078-ZKNTS,0.05173234144546681,0
9068-VPWQQ,0.038780157082004336,0
9236-NDUCW,0.059644782341841854,0
2226-ICFDO,0.037614980393902986,0
8868-WOZGU,0.4714497503806787,0
3716-BDVDB,0.6795058607890031,1
6741-QRLUP,0.03882644747556003,0
9909-DFRJA,0.18594843001219258,0
9411-TPQQV,0.12761082971915402,0
7114-AEOZE,0.02149632889520297,0
9114-AAFQH,0.1678747397238028,0
3642-BYHDO,0.01515627380755829,0
5857-XRECV,0.13703128596478367,0
3733-ZEECP,0.24673690376937737,0
9805-FILKB,0.04424862930941632,0
8985-OOPOS,0.3258200009530237,0
5043-TRZWM,0.6844640936655693,1
5639-NTUPK,0.23859663288204166,0
0661-KBKPA,0.15146179389514103,0
0585-EGDDA,0.4410787249815252,0
2674-MIAHT,0.5973438445745268,1
4821-SJHJV,0.3913682306918362,0
9531-NSBMR,0.02918964526461374,0
8410-BGQXN,0.1220442367632669,0
2770-NSVDG,0.2818974402992568,0
3785-KTYSH,0.009712431983884762,0
1422-DGUBX,0.30959583684819314,0
6250-CGGUN,0.1918725063031496,0
2495-TTHBQ,0.07549830830655686,0
9624-EGDEQ,0.019073437881292607,0
7629-WFGLW,0.19465143907898075,0
1337-BOZWO,0.1559232365660954,0
4530-NDRKU,0.059513110300317765,0
9860-LISIZ,0.05153943585391034,0
3440-JPSCL,0.5154628155952605,1
2675-DHUTR,0.4109986028028636,0
8008-HAWED,0.4008062335289766,0
1766-GKNMI,0.5032248656792374,1
9638-JIQYA,0.4678065902756089,0
4282-ACRXS,0.3155373161729609,0
4065-JJAVA,0.46982997401211923,0
7253-UVNDW,0.0663042218242268,0
9863-JZAIC,0.22767866928681438,0
1565-RHDJD,0.5781704667133506,1
4890-VMUAV,0.10523671398120056,0
7952-OBOYL,0.5456659606112183,1
3536-IQCTX,0.4822437859659711,0
2642-MAWLJ,0.01410103385561463,0
4139-SUGLD,0.15238508960820363,0
8799-OXZMD,0.24751490455902214,0
5140-FOMCQ,0.20727198458514265,0
5968-XQIVE,0.27785908568728956,0
3724-BSCVH,0.04030579358350212,0
9089-UOWJG,0.28523049785294513,0
4423-YLHDV,0.33512471348022926,0
9586-JGQKH,0.15782223939296128,0
5160-UXJED,0.1963214773236471,0
1010-DIAUQ,0.556210890109905,1
4716-HHKQH,0.4024862009935296,0
7421-ZLUPA,0.32424281303603,0
9137-NOQKA,0.21621619941614034,0
4057-FKCZK,0.1899437787104715,0
6719-OXYBR,0.5857350609604072,1
9418-RUKPH,0.017940293379413007,0
1508-DFXCU,0.6370803587547328,1
9360-AHGNL,0.21151294160009335,0
5590-BYNII,0.4494001977075433,0
9953-ZMKSM,0.005426457362502024,0
8107-RZLNV,0.2069125910872189,0
0581-BXBUB,0.6031445524243408,1
4903-UYAVB,0.1166994902897149,0
3537-HPKQT,0.3536032347296022,0
1396-QWFBJ,0.4189782784880016,0
0743-HRVFF,0.20047179503173923,0
5906-DVAPM,0.1045548807751089,0
6376-GAHQE,0.650798234656989,1
2867-UIMSS,0.6857692627493479,1
0106-UGRDO,0.11731988758383331,0
4282-MSACW,0.20334334980999202,0
0942-KOWSM,0.058849584445669484,0
4690-LLKUA,0.36280068655660086,0
6689-TCZHQ,0.6389987323575946,1
9158-VCTQB,0.2420544271252221,0
7217-JYHOQ,0.14570986019950713,0
4822-RVYBB,0.6584370092862625,1
8466-PZBLH,0.12081775521494684,0
3154-HMWUU,0.015550204088225264,0
6857-TKDJV,0.012469650003940236,0
6298-QDFNH,0.5024885527927914,1
5219-YIPTK,0.45956679786970617,0
6749-UTDVX,0.23303446516693324,0
5338-YHWYT,0.055407551983374256,0
0318-QUUOB,0.7154346717100808,1
0895-DQHEW,0.41949362447273947,0
2097-YVPKN,0.005426457362502024,0
7868-BGSZA,0.1606955122108729,0
5726-CVNYA,0.030487874476469702,0
2402-TAIRZ,0.276494645693426,0
2452-MRMZF,0.029886961236187157,0
4317-VTEOA,0.48763117776122367,0
9221-OTIVJ,0.6167712737854082,1
9372-TXXPS,0.054969435476401145,0
5569-IDSEY,0.25935204102315307,0
8327-WKMIE,0.025090585846115575,0
0980-PVMRC,0.29064415463107957,0
7548-SEPYI,0.6391193383412974,1
3460-TJBWI,0.010540647842916827,0
8559-CIZFV,0.10939709825859603,0
2937-FTHUR,0.19170801346131366,0
8104-OSKWT,0.5104044780104263,1
5624-BQSSA,0.2732586229954859,0
1080-BWSYE,0.014596660464504306,0
7647-GYYKX,0.021689556576152295,0
2360-RDGRO,0.3241651858265277,0
7672-VFMXZ,0.17242594116788434,0
7074-IEVOJ,0.6743073517961424,1
9399-APLBT,0.687475001261711,1
0970-ETWGE,0.6998059909402046,1
5697-GOMBF,0.31544594365028195,0
7326-RIGQZ,0.6540245122125674,1
0870-VEMYL,0.28043873722262275,0
1614-JBEBI,0.07649601579591817,0
3892-NXAZG,0.0677393780698476,0
0851-DFJKB,0.2608442798859691,0
7622-FWGEW,0.035819974204986366,0
1679-JRFBR,0.20279152685605403,0
2984-TBYKU,0.07277461022201616,0
8174-TBVCF,0.05484195480828161,0
6686-YPGHK,0.2902181158750285,0
2832-SCUCO,0.21979204688572612,0
8938-UMKPI,0.4414328634857461,0
3976-NLDEZ,0.2739895946887122,0
6924-TDGMT,0.04569486972668926,0
3589-PPVKW,0.34243384554427925,0
1075-BGWOH,0.6071248630390698,1
9819-FBNSV,0.4178828068327844,0
7137-NAXML,0.04744413817334342,0
4024-CSNBY,0.07867110003718668,0
3926-YZVVX,0.13489316755468647,0
3961-SXAXY,0.4928395224826815,0
4676-MQUEA,0.19487674955659476,0
6435-SRWBJ,0.6150269659559964,1
1237-WIYYZ,0.08636642785422831,0
5433-KYGHE,0.40990483462640925,0
0135-NMXAP,0.5708290345904803,1
4931-TRZWN,0.3081094419677459,0
0248-PGHBZ,0.11009476233755239,0
3487-EARAT,0.11091702874351443,0
8780-IXSTS,0.650972116793982,1
4881-GQJTW,0.07958005905357929,0
3249-ZPQRG,0.6371213564666873,1
8718-PTMEZ,0.37303523696823226,0
4659-NZRUF,0.432643635893385,0
4526-EXKKN,0.010510295742445275,0
8981-FJGLA,0.5782443279799472,1
5730-DBDSI,0.02536947071362721,0
9820-RMCQV,0.23854752606328336,0
5016-IBERQ,0.4617043214353697,0
6946-LMSQS,0.29463347373988075,0
7416-CKTEP,0.02698124343582927,0
1725-MIMXW,0.31828016567998246,0
4106-HADHQ,0.11044681031579855,0
5071-FBJFS,0.3911891535800627,0
7394-FKDNK,0.6206177502132728,1
8573-CGOCC,0.06431095399178444,0
7673-BQGKU,0.015385742406592106,0
9073-ZZIAY,0.04508458098668526,0
1506-YJTYT,0.05840585490586722,0
7321-PKUYW,0.5403262954276712,1
1977-STDKI,0.6830991049655347,1
0191-EQUUH,0.06264651087740299,0
0595-ITUDF,0.2790118094140244,0
9548-LIGTA,0.057205973064277466,0
2900-PHPLN,0.014282264190509528,0
1090-ESELR,0.08723000967704625,0
5537-UXXVS,0.07724570033187626,0
3148-BLQJT,0.29063755542132463,0
8972-HJWNV,0.675410291402406,1
3503-TYDAY,0.4416848131894231,0
2300-RQGOI,0.01023162257565665,0
3750-YHRYO,0.04423328453384007,0
2004-OCQXK,0.7029457168978752,1
7159-NOKYQ,0.2322744509844257,0
1379-FRVEB,0.623139813330261,1
2982-IHMFT,0.6573637212554915,1
9541-PWTWO,0.07431692267031656,0
4378-BZYFP,0.03445216287987316,0
6668-CNMFP,0.260968842813654,0
8388-DMKAE,0.01882368546061778,0
4709-LKHYG,0.04852392953348172,0
4495-LHSSK,0.17450219183669105,0
9637-CDTKZ,0.0677393780698476,0
8108-UXRQN,0.31030652762177324,0
1492-KGETH,0.10832481984312965,0
3617-XLSGQ,0.11384903757568723,0
0559-CKHUS,0.029420530940539185,0
2233-FAGXV,0.12285068691829526,0
5366-OBVMR,0.21903980650276522,0
0780-XNZFN,0.01608000465693676,0
3796-ENZGF,0.0546552546275604,0
1952-DVVSW,0.04100126820806471,0
5919-TMRGD,0.7208658253603977,1
3452-ABWRL,0.41462276233218176,0
6522-YRBXD,0.3659201153890587,0
2346-LOCWC,0.009149688836199552,0
3244-CQPHU,0.08345862480558452,0
6741-EGCBI,0.3047275859860496,0
3640-JQGJG,0.31796837640057485,0
4973-RLZVI,0.09711973427301207,0
3744-ZBHON,0.19722570846268464,0
4316-XCSLJ,0.21346805112879375,0
1568-BEKZM,0.033388342858000936,0
9208-OLGAQ,0.5222985791147775,1
7633-MVPUY,0.08642801035149755,0
5917-RYRMG,0.03058519376087471,0
4419-UJMUS,0.19664484469663054,0
2239-CFOUJ,0.1853797570001823,0
1635-HDGFT,0.010599806498510363,0
1485-YDHMM,0.29192144247338075,0
7817-BOQPW,0.7065414553268877,1
8780-IHCRN,0.01745404037004903,0
9389-ACWBI,0.5214855786216466,1
1346-UFHAX,0.42231986603996285,0
1215-EXRMO,0.008331815289058273,0
4959-JOSRX,0.4621586114297188,0
0376-OIWME,0.407783392514661,0
4277-UDIEF,0.15096025002814673,0
2668-TZSPS,0.2700408767399943,0
3898-BSJYF,0.16594276086399581,0
8752-GHJFU,0.18160699384678738,0
3407-QGWLG,0.1831414591039616,0
1602-IJQQE,0.6613279097207545,1
8614-VGMMV,0.37505657446125207,0
0048-PIHNL,0.039508053798602435,0
1866-NXPSP,0.11442227460514565,0
8677-HDZEE,0.2932676056911419,0
5076-YVXCM,0.3922559215742109,0
8229-TNIQA,0.4380905195690224,0
2599-CIPQE,0.08850378875889228,0
4957-SREEC,0.008855571189140727,0
6543-JXSOO,0.10429305765230479,0
4208-UFFGW,0.4528345726744742,0
4667-QONEA,0.1185269409240735,0
3791-LGQCY,0.3740451749387773,0
0128-MKWSG,0.14288677481902964,0
7078-NVFAM,0.22999508237766036,0
2378-VTKDH,0.4039603374004902,0
7407-SUJIZ,0.05549924499104951,0
3137-LUPIX,0.3914173497192299,0
8388-FYNPZ,0.39275877504211637,0
6769-DYBQN,0.3764319929983809,0
9800-OUIGR,0.008780565510435207,0
0388-EOPEX,0.548367209482384,1
6557-BZXLQ,0.5698701278606572,1
6133-OZILE,0.26414407618171404,0
9565-AXSMR,0.014617138929030826,0
3104-OWCGK,0.2670238165184468,0
8672-OAUPW,0.12891690154444224,0
1045-LTCYT,0.10403910581228586,0
1897-RCFUM,0.02330127575993376,0
9505-SQFSW,0.4220786150558655,0
3410-MHHUM,0.29716253466177617,0
6910-HADCM,0.6844640936655693,1
0634-SZPQA,0.3332369976341497,0
0117-LFRMW,0.16334881236197366,0
3520-FJGCV,0.0677393780698476,0
6732-FZUGP,0.1783663011066902,0
7228-PAQPD,0.18164446090833844,0
0369-ZGOVK,0.26017429913911044,0
6195-MELTI,0.13327020255293578,0
8414-MYSHR,0.6638266287233369,1
5989-OMNJE,0.18092356294135117,0
6508-NJYRO,0.052083481668692075,0
9150-KPBJQ,0.04881243794381624,0
6439-LAJXL,0.19672310257947526,0
1934-SJVJK,0.29063755542132463,0
1930-WNXSB,0.3972186682036653,0
6323-AYBRX,0.013686013786802589,0
7746-AWNQW,0.19119690516645807,0
5125-CNDSP,0.0907937650232316,0
7563-BIUPC,0.6686388676374907,1
8630-QSGXK,0.08644860944339483,0
8563-IIOXK,0.20393654438076197,0
0409-WTMPL,0.2153440152865154,0
1849-RJYIG,0.28226345905696365,0
2057-ZBLPD,0.5275978155942316,1
2884-GBPFB,0.49939599796619233,0
2424-WVHPL,0.6038080387359291,1
4439-JMPMT,0.6033216959226356,1
2856-HYAPG,0.6418782330822126,1
4054-CUMIA,0.07265521792148724,0
1397-XKKWR,0.1672894795014232,0
3930-ZGWVE,0.31363770286205833,0
3258-SANFR,0.3380001684476623,0
5760-FXFVO,0.5099631772478112,1
8963-JLGJT,0.3532310558628198,0
5533-RJFTJ,0.23724321556501882,0
7621-VPNET,0.29106239872791934,0
8311-UEUAB,0.1055770344544124,0
5982-PSMKW,0.04780049492115049,0
7921-LMDFQ,0.2747445591004058,0
3097-NQYSN,0.6278922806642444,1
3640-PHQXK,0.48492558579946166,0
6527-PZFPV,0.035105391561091374,0
1925-GMVBW,0.11981029053458825,0
1084-UQCHV,0.6154484622311721,1
7328-OWMOM,0.024368144062979016,0
0930-EHUZA,0.108864556677208,0
3511-BFTJW,0.04115916061663242,0
5424-RLQLC,0.27498259087680377,0
2181-TIDSV,0.017642377153591543,0
9314-IJWSQ,0.6506154272894381,1
3262-EIDHV,0.03358980194626824,0
1023-BQXZE,0.06307496803070657,0
3339-EAQNV,0.23944505989722537,0
0186-CAERR,0.2054445380140089,0
3239-TPHPZ,0.05209721643660156,0
3307-TLCUD,0.21206441895814998,0
0818-OCPZO,0.4820443239305029,0
8580-AECUZ,0.7208658253603977,1
8735-NBLWT,0.06937185410356253,0
4514-GFCFI,0.6271033612572113,1
6772-KSATR,0.5541351359303104,1
2474-LCNUE,0.19376508337875056,0
7860-KSUGX,0.040544629744437836,0
2739-CACDQ,0.48315002160586074,0
8735-SDUFN,0.012469650003940236,0
8679-JOEVF,0.27532656684726853,0
2845-KDHVX,0.06066319987347921,0
6519-ZHPXP,0.1027036511204501,0
4422-QVIJA,0.22379919656320646,0
6259-WJQLC,0.38518285258087287,0
1710-RCXUS,0.2551127537868656,0
5442-BXVND,0.05894394911006035,0
9732-EQMWY,0.4105755163916288,0
1047-NNCBF,0.388260903523434,0
3413-BMNZE,0.46304316268034335,0
8670-ERCJH,0.06750136036282885,0
0556-FJEGU,0.05484602518104257,0
7721-JXEAW,0.21884361912255249,0
2259-OUUSZ,0.21963697295318782,0
1139-WUOAH,0.05362600604985178,0
8429-XIBUM,0.353230833608427,0
7153-CHRBV,0.0888723117708267,0
7511-YMXVQ,0.44063610350599325,0
3981-QSVQI,0.09745656281725422,0
4853-RULSV,0.12413204885319627,0
4939-KYYPY,0.2018713329202121,0
2990-IAJSV,0.032087730281589046,0
3134-DSHVC,0.08236066811861636,0
9975-GPKZU,0.018822663452579155,0
9128-CPXKI,0.21005530055950355,0
5846-ABOBJ,0.012469650003940236,0
2898-LSJGD,0.20579474092516306,0
4377-VDHYI,0.2645215600642253,0
6092-QZVPP,0.13723138949656385,0
2868-MZAGQ,0.7041079333779211,1
9600-UDOPK,0.4181168024959201,0
2530-ENDWQ,0.20572772157407648,0
2971-SGAFL,0.2823483206807776,0
5039-LZRQT,0.042632863081338346,0
9027-YFHQJ,0.10174512482153134,0
7067-KSAZT,0.3077079586812121,0
4443-EMBNA,0.01747116729449307,0
7353-YOWFP,0.04481770011825566,0
3662-FXJFO,0.018799783490635727,0
9067-YGSCA,0.05320917550900288,0
8468-FZTOE,0.0645409513576467,0
8887-IPQNC,0.34243384554427925,0
9507-HSMMZ,0.012866720052317447,0
9866-QEVEE,0.4427901467939605,0
3452-SRFEG,0.4247191216267058,0
6715-OFDBP,0.4620556699528801,0
3370-GQEAL,0.4911411500635216,0
0295-QVKPB,0.3431234490194275,0
7148-XZPHA,0.3068184151524924,0
9170-ARBTB,0.026822608832091564,0
5840-NVDCG,0.07857366816148466,0
0550-DCXLH,0.24297799429197475,0
5688-KZTSN,0.09700395715544247,0
0207-MDKNV,0.42715088370399995,0
6072-NUQCB,0.043418940272394256,0
0068-FIGTF,0.13308975238312032,0
2984-RGEYA,0.03071108562045951,0
0804-XBFBV,0.4023001989421865,0
9465-RWMXL,0.4819666444160322,0
1099-BTKWT,0.1816568288998578,0
5649-RXQTV,0.41275052554709746,0
6507-ZJSUR,0.5155479750365974,1
4123-DVHPH,0.5187175815249853,1
6701-DHKWQ,0.05071007518853868,0
8807-ARQET,0.2916285792135475,0
4412-YLTKF,0.4942289043287505,0
5233-GEEAX,0.43783286873715055,0
1697-LYYYX,0.028453844981933988,0
1142-WACZW,0.4155115546138371,0
8220-OCUFY,0.1444098860852666,0
8015-IHCGW,0.10335334846806185,0
4782-OSFXZ,0.033871347668290544,0
1769-GRUIK,0.5386171752653717,1
9822-WMWVG,0.2996332999689877,0
8992-JQYUN,0.5830041120995547,1
7693-QPEFS,0.40278454141342146,0
2277-VWCNI,0.4257179702161441,0
4312-KFRXN,0.005426457362502024,0
7623-HKYRK,0.0978584251154601,0
0991-BRRFB,0.22872290016836141,0
3908-BLSYF,0.6192796395108262,1
0947-IDHRQ,0.5522377541303206,1
6586-PSJOX,0.1850868220831638,0
4872-JCVCA,0.03863460030454753,0
0224-HJAPT,0.45852559373458235,0
3951-NJCVI,0.4956851347204353,0
6549-NNDYT,0.2899674210309019,0
4891-NLUBA,0.06965522131416514,0
0899-WZRSD,0.2777083305291237,0
6865-JZNKO,0.17359476354095488,0
1976-CFOCS,0.5084425286924638,1
5876-HZVZM,0.24200245487268737,0
3466-WAESX,0.24108146760910618,0
1015-JPFYW,0.04687805230461588,0
8639-NHQEI,0.11191587402852259,0
2927-QRRQV,0.3108731758628234,0
2637-FKFSY,0.46112553510532883,0
9938-ZREHM,0.14512982054096413,0
2868-LLSKM,0.1938552524004665,0
0804-YGEQV,0.032772524772133146,0
1571-SAVHK,0.5366766182227023,1
0027-KWYKW,0.5241337893595174,1
5146-CBVOE,0.48693745540297395,0
6651-RLGGM,0.005426457362502024,0
4465-VDKIQ,0.4829364521300268,0
6339-YPSAH,0.6276793664076034,1
0867-MKZVY,0.4062275676296438,0
9821-BESNZ,0.2736865247507482,0
6427-FEFIG,0.05571528467351707,0
4476-OSWTN,0.1915501940938499,0
5127-BZENZ,0.08179443339510317,0
9972-NKTFD,0.17115170421205073,0
8859-DZTGQ,0.008250182635997048,0
4115-UMJFQ,0.15334128752993448,0
6108-OQZDQ,0.6677984197438771,1
3173-WSSUE,0.014823634017305423,0
9985-MWVIX,0.6133543690643299,1
6546-OPBBH,0.02534515130612375,0
1555-HAPSU,0.017262486825554306,0
2514-GINMM,0.7208658253603977,1
4446-BZKHU,0.4031896607087609,0
5419-CONWX,0.546073689587873,1
9611-CTWIH,0.6746987144012699,1
2202-CUYXZ,0.6901896600472186,1
5204-QZXPU,0.3162148875232546,0
3717-OFRTN,0.2849872966844589,0
7929-SKFGK,0.08320778874662717,0
4763-PGDPO,0.6294133535322844,1
6158-HDPXZ,0.43378075875740985,0
8356-WUAOJ,0.5396431009891113,1
5884-GCYMI,0.6069111431790292,1
9142-KZXOP,0.3322673701906029,0
1016-DJTSV,0.6448866216276642,1
9817-APLHW,0.09524658241124878,0
9185-TQCVP,0.6513156621649827,1
3745-HRPHI,0.06620334092876014,0
3836-FZSDJ,0.012276986189556815,0
3638-DIMPH,0.2531800588237467,0
7876-AEHIG,0.09814462279392211,0
0929-PECLO,0.36759806477451895,0
9945-PSVIP,0.036447853726191866,0
7609-NRNCA,0.03621686264641908,0
6215-NQCPY,0.5533171859523809,1
1767-CJKBA,0.005426457362502024,0
2604-XVDAM,0.31796837640057485,0
5334-AFQJB,0.03102495057874576,0
8495-PRWFH,0.23624524111715225,0
0308-GIQJT,0.22278186461350327,0
5348-CAGXB,0.6406873323932168,1
5174-ITUMV,0.30652056856412835,0
1395-OFUWC,0.2187299000038647,0
4441-NIHPT,0.6202343791857874,1
7021-XSNYE,0.11412385513537228,0
3276-HDUEG,0.6542433281350983,1
6784-XYJAE,0.17277192687065182,0
1121-QSIVB,0.1955962983774605,0
0943-ZQPXH,0.41073507272928056,0
8165-ZJRNM,0.013238880773171003,0
4378-MYPGO,0.11209614351478264,0
0880-FVFWF,0.3039602549005744,0
1217-VASWC,0.28850503369952485,0
5766-XQXMQ,0.13998922836606956,0
0774-RMNUW,0.041897645497349666,0
5519-NPHVG,0.6560433456620203,1
3224-DFQNQ,0.18047778262637926,0
1752-OZXFY,0.09961965967856724,0
3672-YITQD,0.5019832549409824,1
7839-NUIAA,0.16668412816774553,0
7919-ZODZZ,0.19722733071976223,0
4830-FAXFM,0.09495133603586389,0
2211-RMNHO,0.04914209177235754,0
3359-DSRKA,0.01965083142569949,0
4634-JLRJT,0.2905706262335779,0
7009-PCARS,0.040659957669041805,0
4883-QICIH,0.40229125598031806,0
9681-OXGVC,0.6750215391740717,1
0909-SDHNU,0.26865068795763525,0
2809-ILCYT,0.03343485830570073,0
7010-ZMVBF,0.059269465123599485,0
9467-ROOLM,0.06798801935398296,0
9796-MVYXX,0.07484409120381647,0
0067-DKWBL,0.4509874136303595,0
9101-NTIXF,0.16525327829432837,0
4360-PNRQB,0.4439452280806532,0
6518-LGAOV,0.38933035822187106,0
6114-TCFID,0.0892106644795582,0
9388-ZEYVT,0.15515201094124184,0
4011-ARPHK,0.16921493053334685,0
5141-ZUVBH,0.4109696616536969,0
3696-DFHHB,0.012299624772706706,0
9881-VCZEP,0.23010715365513382,0
3669-WHAFY,0.07852027279467397,0
3996-ZNWYK,0.009967724362852478,0
4718-DHSMV,0.3611976976272505,0
1406-PUQVY,0.48763117776122367,0
5813-UECBU,0.36857473470183955,0
7503-ZGUZJ,0.6481770815330027,1
9018-PCIOK,0.08929935569491156,0
4806-DXQCE,0.11246874365974163,0
2235-ZGKPT,0.4249491343980791,0
1813-JLKWR,0.05195665204677019,0
0921-OHLVP,0.5083235369072263,1
8819-WFGGJ,0.07054136917782823,0
2446-BEGGB,0.6554813330060769,1
3795-GWTRD,0.04736374057741146,0
6231-WFGFH,0.12094189504287996,0
7594-RQHXR,0.7041079333779211,1
7950-XWOVN,0.2784551083279656,0
7480-SPLEF,0.015989214115485314,0
6905-NIQIN,0.4306667450571294,0
3058-WQDRE,0.35920440599260756,0
5311-IHLEI,0.21249648891284692,0
6723-WSNTY,0.2014792899729079,0
7251-XFOIL,0.3504180717634061,0
3280-MRDOF,0.07577961416349724,0
7246-ZGQDF,0.3746057034942381,0
6582-PLFUU,0.016539709691364524,0
0219-YTZUE,0.5948998186187822,1
2826-DXLQO,0.2938121031709481,0
0895-LNKRC,0.048936903945381915,0
0390-DCFDQ,0.6081819552712266,1
1357-MVDOZ,0.3040747310888643,0
9054-FOWNV,0.5098534008071856,1
0810-BDHAW,0.15654969359574986,0
3269-ATYWD,0.4355147056707323,0
6664-FPDAC,0.29271541510746035,0
1996-DBMUS,0.41685158824364044,0
8207-VVMYB,0.015989214115485314,0
8295-KMENE,0.04960722386334411,0
1455-UGQVH,0.6504488241748198,1
7734-DBOAI,0.45677969250576456,0
7729-XBTWX,0.02378951485487985,0
7716-YTYHG,0.2927972309020613,0
0265-EDXBD,0.4939784752978455,0
4983-CLMLV,0.2873237971174979,0
1205-WNWPJ,0.28411332588047933,0
6005-OBZPH,0.4766559107855955,0
7855-DIWPO,0.47705505101186696,0
2180-DXNEG,0.6124603283935589,1
7928-VJYAB,0.6090509658349772,1
1626-ERCMM,0.53291894727778,1
2688-BHGOG,0.6467034925045525,1
1098-TDVUQ,0.25958490437806714,0
0013-MHZWF,0.2942600915902554,0
8016-ZMGMO,0.13753325472430683,0
8109-YUOHE,0.11265513417530454,0
3398-FSHON,0.6370211459157121,1
1580-BMCMR,0.428823673298784,0
5842-POCOP,0.4429125403551983,0
3209-ZPKFI,0.22466622781590703,0
7055-JCGNI,0.08065193081295469,0
4183-WCSEP,0.378431796664412,0
8003-EWNDZ,0.10827918622036564,0
9701-CDXHR,0.340616683844138,0
2428-HYUNX,0.01353377839160899,0
3199-XGZCY,0.6715764583482096,1
5649-TJHOV,0.2422750312315805,0
8046-DNVTL,0.05284848588216677,0
6695-FRVEC,0.04395901221728234,0
3957-LXOLK,0.4714497503806787,0
4730-AWNAU,0.10244660975092361,0
6994-FGRHH,0.2649740070512201,0
6352-TWCAU,0.4987105697303174,0
8654-DHAOW,0.42552616967590495,0
5386-THSLQ,0.14068340370227206,0
7924-GJZFI,0.49929267728349414,0
1459-QNFQT,0.03594592180703686,0
0074-HDKDG,0.10815134248092644,0
4795-UXVCJ,0.03135126425198946,0
7890-VYYWG,0.4769415777644813,0
5275-PMFUT,0.03353454605891873,0
3158-MOERK,0.7044592826005495,1
0289-IVARM,0.1811575640776503,0
5215-LNLDJ,0.44499401371797653,0
9361-YNQWJ,0.034703754315298645,0
8232-CTLKO,0.10202145180872187,0
9747-DDZOS,0.602615123787775,1
1513-XNPPH,0.5389159903994165,1
2272-JKMSI,0.2895286783798262,0
5995-LFTLE,0.03165977562510062,0
8292-TYSPY,0.17845794512244934,0
0670-KDOMA,0.3010986095604743,0
6674-KVJHG,0.09374235658449527,0
2753-JMMCV,0.0637304021980061,0
2851-MMUTZ,0.18401520638463922,0
4697-LUPSU,0.1305276666315372,0
7663-RGWBC,0.4876772797629963,0
6705-LXORM,0.6236535431992669,1
9752-ZNQUT,0.506796027158335,1
0877-SDMBN,0.20772610884192833,0
5555-RNPGT,0.1453505603896723,0
4628-CTTLA,0.26860455384292886,0
0516-QREYC,0.06550493701820705,0
5198-HQAEN,0.28146978839853143,0
